model,loss,acc,val_loss,val_acc,epochs
AlexNet,1.722056876529347,0.5227272673086687,5.861125469207764,0.6363636255264282,1
AlexNet,1.6319901834834705,0.48863636363636365,5.861125469207764,0.6363636255264282,2
AlexNet,0.8403394276445563,0.6590909145095132,5.861125469207764,0.6363636255264282,3
AlexNet,0.5014416846362028,0.7727272781458768,5.861125469207764,0.6363636255264282,4
AlexNet,0.5696655240925875,0.7045454491268505,3.8422739505767822,0.6363636255264282,5
AlexNet,0.5418952351266687,0.6818181818181818,5.861125469207764,0.6363636255264282,6
AlexNet,0.40612563490867615,0.8068181818181818,4.953050136566162,0.6363636255264282,7
AlexNet,0.36111231554638257,0.8068181763995778,3.9485647678375244,0.6363636255264282,8
AlexNet,0.33893269300460815,0.8636363690549677,2.9640488624572754,0.6363636255264282,9
AlexNet,0.29387111284516076,0.8636363582177595,2.8320741653442383,0.6363636255264282,10
AlexNet,0.23281521824273196,0.9204545508731495,4.085375785827637,0.6363636255264282,11
AlexNet,0.25853588499806146,0.909090903672305,2.8950414657592773,0.5909090638160706,12
AlexNet,0.29712063615972345,0.8863636309450323,2.7184817790985107,0.5909090638160706,13
AlexNet,0.17189325798641553,0.9431818127632141,2.809295892715454,0.6363636255264282,14
AlexNet,0.21028057248754936,0.8863636363636364,1.6915099620819092,0.4545454680919647,15
AlexNet,0.24949085576967758,0.8863636363636364,1.7629469633102417,0.5454545617103577,16
AlexNet,0.07893789864399216,0.9659090909090909,2.028752326965332,0.5909090638160706,17
AlexNet,0.14151365784081546,0.9431818127632141,1.8345558643341064,0.6363636255264282,18
AlexNet,0.07525323195890947,0.9772727218541232,1.4106491804122925,0.5909090638160706,19
AlexNet,0.16811838881535965,0.9431818127632141,1.610800862312317,0.5909090638160706,20
AlexNet,0.05303617448291995,0.9886363636363636,2.105924367904663,0.6818181872367859,21
AlexNet,0.14699779586358505,0.9659090854904868,1.670525312423706,0.6818181872367859,22
AlexNet,0.08224250850352374,0.9659090854904868,1.484369158744812,0.6363636255264282,23
AlexNet,0.08971763368357312,0.9545454545454546,1.4746426343917847,0.6363636255264282,24
AlexNet,0.03649633343924175,1.0,1.5577425956726074,0.6818181872367859,25
AlexNet,0.05464465509761463,0.9886363636363636,1.2928394079208374,0.7272727489471436,26
AlexNet,0.04885408451611346,0.9772727218541232,1.0912913084030151,0.6818181872367859,27
AlexNet,0.03487926281311295,0.9772727218541232,1.3818320035934448,0.6818181872367859,28
AlexNet,0.033043628219853745,0.9886363636363636,1.2256242036819458,0.7272727489471436,29
AlexNet,0.011147694662213326,1.0,1.1540957689285278,0.7727272510528564,30
AlexNet,0.02582540718669241,0.9886363636363636,1.268473744392395,0.7272727489471436,31
AlexNet,0.014327824136919597,0.9886363636363636,1.3474103212356567,0.7272727489471436,32
AlexNet,0.0032413123090836134,1.0,1.403497576713562,0.7272727489471436,33
AlexNet,0.009658815286291594,1.0,1.4006966352462769,0.6818181872367859,34
AlexNet,0.0019316913306035779,1.0,1.3990459442138672,0.6818181872367859,35
AlexNet,0.0038039040413092484,1.0,1.4112706184387207,0.6818181872367859,36
AlexNet,0.0018316967894365503,1.0,1.4178528785705566,0.6818181872367859,37
AlexNet,0.0030250580854375253,1.0,1.4212982654571533,0.6818181872367859,38
AlexNet,0.0024964684615208007,1.0,1.4293795824050903,0.6818181872367859,39
AlexNet,0.0004921933868899941,1.0,1.4321637153625488,0.6818181872367859,40
AlexNet,0.006835627114262686,1.0,1.4686001539230347,0.7272727489471436,41
AlexNet,0.0007603564352559096,1.0,1.5005793571472168,0.7727272510528564,42
AlexNet,0.0035480122632262382,1.0,1.456597924232483,0.7727272510528564,43
AlexNet,0.0007047116946937008,1.0,1.419848918914795,0.7727272510528564,44
AlexNet,0.0007671275498895822,1.0,1.4310108423233032,0.7727272510528564,45
AlexNet,0.00023478700710587543,1.0,1.4392024278640747,0.7272727489471436,46
AlexNet,0.0002927966812752526,1.0,1.4463303089141846,0.7272727489471436,47
AlexNet,0.0002746902146926996,1.0,1.4473576545715332,0.7272727489471436,48
AlexNet,0.00030363283638673073,1.0,1.4485968351364136,0.7272727489471436,49
AlexNet,0.00035633521143939686,1.0,1.4540579319000244,0.7272727489471436,50
AlexNet,0.0008840056093917651,1.0,1.4604228734970093,0.7272727489471436,51
AlexNet,0.0010035416132516482,1.0,1.448283314704895,0.7272727489471436,52
AlexNet,0.0014085815214043992,1.0,1.425173282623291,0.7272727489471436,53
AlexNet,0.0002574866402111101,1.0,1.419996976852417,0.7272727489471436,54
AlexNet,0.00011245409140511501,1.0,1.4197362661361694,0.7727272510528564,55
AlexNet,0.00027808825358409774,1.0,1.416617512702942,0.7727272510528564,56
AlexNet,0.0008928636988540264,1.0,1.4346972703933716,0.7272727489471436,57
AlexNet,0.0011650851864198391,1.0,1.4576596021652222,0.7272727489471436,58
AlexNet,0.0002120847506871955,1.0,1.4754217863082886,0.7272727489471436,59
AlexNet,0.00016992400130468675,1.0,1.4867737293243408,0.7272727489471436,60
AlexNet,0.006694218642554584,1.0,1.3469010591506958,0.8181818127632141,61
AlexNet,0.0001406057665669571,1.0,1.3276448249816895,0.8181818127632141,62
AlexNet,0.0010261154437268322,1.0,1.3573960065841675,0.8636363744735718,63
AlexNet,0.005555181065574288,1.0,1.3383417129516602,0.8636363744735718,64
AlexNet,0.0010456491409885612,1.0,1.3182241916656494,0.8181818127632141,65
AlexNet,0.0033323502628429032,1.0,1.3359681367874146,0.8181818127632141,66
AlexNet,0.00011011866114462133,1.0,1.3840889930725098,0.8181818127632141,67
AlexNet,0.0003498792013322765,1.0,1.4267072677612305,0.8181818127632141,68
AlexNet,0.00017150185885839164,1.0,1.4551221132278442,0.8181818127632141,69
AlexNet,0.00021874397829047996,1.0,1.4759087562561035,0.7727272510528564,70
AlexNet,0.00023873665221882138,1.0,1.4925436973571777,0.7727272510528564,71
AlexNet,0.013333991669986228,0.9886363582177595,1.5309715270996094,0.7727272510528564,72
AlexNet,0.0004261050661708313,1.0,1.6605770587921143,0.7272727489471436,73
AlexNet,0.013614188964394007,1.0,1.6397377252578735,0.7272727489471436,74
AlexNet,0.0030814326071942396,1.0,1.5684523582458496,0.7272727489471436,75
AlexNet,0.00010378212490732867,1.0,1.500317096710205,0.7727272510528564,76
AlexNet,0.00027139580660414964,1.0,1.4745029211044312,0.8181818127632141,77
AlexNet,0.00010415245428289795,1.0,1.46766996383667,0.8181818127632141,78
AlexNet,0.0014004705484363842,1.0,1.4809730052947998,0.8636363744735718,79
AlexNet,0.0011356586288787764,1.0,1.5020028352737427,0.8181818127632141,80
AlexNet,0.0009085720574313945,1.0,1.532284140586853,0.8181818127632141,81
AlexNet,0.0013228578450666232,1.0,1.58087158203125,0.8181818127632141,82
AlexNet,0.00017777934871529314,1.0,1.6508632898330688,0.7272727489471436,83
AlexNet,0.0006431639194488525,1.0,1.6915924549102783,0.7272727489471436,84
AlexNet,0.0019546755498926027,1.0,1.8158040046691895,0.7272727489471436,85
AlexNet,0.00012015515974119559,1.0,1.9103846549987793,0.7272727489471436,86
AlexNet,0.00018016700844534418,1.0,1.974054217338562,0.7272727489471436,87
AlexNet,0.00021255004817662254,1.0,2.012934923171997,0.7272727489471436,88
AlexNet,0.00017978150043001568,1.0,2.0349278450012207,0.7272727489471436,89
AlexNet,0.00013858040223236787,1.0,2.046499252319336,0.7272727489471436,90
AlexNet,0.00022473501353074838,1.0,2.040642499923706,0.7272727489471436,91
AlexNet,5.8946390212936834e-05,1.0,2.033233880996704,0.7272727489471436,92
AlexNet,0.00023665169613774526,1.0,2.0148680210113525,0.7272727489471436,93
AlexNet,7.862206125123934e-05,1.0,2.004638671875,0.7272727489471436,94
AlexNet,8.750991334884681e-05,1.0,1.9939509630203247,0.7272727489471436,95
AlexNet,0.00021586350472220644,1.0,1.9865868091583252,0.7272727489471436,96
AlexNet,0.0002885468189064837,1.0,1.9619293212890625,0.7272727489471436,97
AlexNet,6.788498219314285e-05,1.0,1.942461371421814,0.7272727489471436,98
AlexNet,7.158902140376581e-05,1.0,1.9292731285095215,0.7272727489471436,99
AlexNet,0.0003008516637650742,1.0,1.910440444946289,0.7272727489471436,100
AlexNet,0.0001517435580767183,1.0,1.8745476007461548,0.7272727489471436,101
AlexNet,7.049404369106263e-05,1.0,1.8520210981369019,0.7272727489471436,102
AlexNet,3.6759336084783584e-05,1.0,1.8377865552902222,0.7272727489471436,103
AlexNet,0.00015142432940510017,1.0,1.8359204530715942,0.7272727489471436,104
AlexNet,0.0001737160908471031,1.0,1.8473304510116577,0.7272727489471436,105
AlexNet,0.020428212991894477,0.9886363582177595,1.6683543920516968,0.6818181872367859,106
AlexNet,0.3874302402837202,0.9659090854904868,1.9112887382507324,0.7272727489471436,107
AlexNet,0.1642222743142735,0.9659090854904868,2.2138593196868896,0.5909090638160706,108
AlexNet,0.16464091287079183,0.9772727326913313,2.751610040664673,0.6818181872367859,109
AlexNet,0.32651604585010896,0.9204545454545454,2.591994285583496,0.6818181872367859,110
AlexNet,0.21127882599830627,0.9318181818181818,1.9661160707473755,0.7727272510528564,111
AlexNet,0.08984938805753534,0.965909096327695,0.9746513366699219,0.6818181872367859,112
AlexNet,0.14475239152935418,0.9318181818181818,0.9574559926986694,0.6818181872367859,113
AlexNet,0.06577022644606503,0.9772727326913313,0.8979727029800415,0.6818181872367859,114
AlexNet,0.1073953468691219,0.9659090854904868,0.923099935054779,0.7272727489471436,115
AlexNet,0.07628258859569376,0.9772727272727273,1.0240986347198486,0.5909090638160706,116
AlexNet,0.07004354420033368,0.9772727218541232,0.9130386114120483,0.6363636255264282,117
AlexNet,0.04966078986498443,0.9886363636363636,0.7808706164360046,0.6818181872367859,118
AlexNet,0.034090555188330735,1.0,0.8002687096595764,0.7272727489471436,119
AlexNet,0.026823532534763217,0.9886363636363636,0.8294344544410706,0.7272727489471436,120
AlexNet2,1.0488381196984726,0.6406619388160976,6.3659417314349485,0.6037735871548923,1
AlexNet2,0.5345891033504027,0.7659574472312386,0.5161693388561033,0.7075471686867049,2
AlexNet2,0.4890834792004128,0.8014184399981307,0.3658285326552841,0.8301886781206671,3
AlexNet2,0.4781768419922948,0.7659574469494199,0.4237411550755771,0.8018867913282143,4
AlexNet2,0.44518016232948215,0.8274231679896091,0.34663942231322237,0.83962264263405,5
AlexNet2,0.3797909592060333,0.8557919623158502,0.5551796296857437,0.7358490554791577,6
AlexNet2,0.4468041448446594,0.7848699765002474,0.47943626484780943,0.7830188690491442,7
AlexNet2,0.3668577799278512,0.8321513005182253,0.6620318203602197,0.8018867935774461,8
AlexNet2,0.36888423371822276,0.8510638298576887,0.7425033720034473,0.811320755841597,9
AlexNet2,0.4333365838578407,0.8250591020775743,0.7361569854448426,0.6981132097964017,10
AlexNet2,0.42899380134634374,0.843971631346583,1.0071411222781774,0.7924528313132951,11
AlexNet2,0.3749303794851258,0.843971631346583,0.8100741291945835,0.820754718105748,12
AlexNet2,0.37334769872627077,0.832151300377316,0.8886859731854133,0.6603773607397979,13
AlexNet2,0.31880203562284476,0.8983451536643026,1.213995411710919,0.688679244158403,14
AlexNet2,0.32722849337203563,0.8628841607565012,1.4533437647909488,0.6792452852680998,15
AlexNet2,0.30271144672770306,0.8676122932851174,1.718292717663747,0.5943396232038174,16
AlexNet2,0.22782098648114127,0.9125295508274232,2.294898865357885,0.6603773607397979,17
AlexNet2,0.3514143380008409,0.8817966904482379,0.5496968345822029,0.83962264263405,18
AlexNet2,0.43761938761030245,0.7777777779186871,0.548882246017456,0.7358490588530054,19
AlexNet2,0.3293742656566854,0.8723404255319149,0.41048897212406377,0.801886794702062,20
AlexNet2,0.24254625029949994,0.8936170212765957,0.44870825196212194,0.811320755841597,21
AlexNet2,0.2822088328659112,0.8794326242543845,0.4486512969124992,0.7924528301886793,22
AlexNet2,0.27088615284180245,0.8888888888888888,0.6173764939578075,0.830188680369899,23
AlexNet2,0.22655382194945997,0.900709219858156,1.459211992767622,0.679245281894252,24
AlexNet2,0.17832281839445974,0.9196217494089834,2.583468540659491,0.46226415094339623,25
AlexNet2,0.17797868834460598,0.9314420803782506,1.0770465765359267,0.7358490554791577,26
AlexNet2,0.2028312849378473,0.9148936173030953,1.0137101141911633,0.6886792475322507,27
AlexNet2,0.1494677334706834,0.9361702127659575,2.0647488764996798,0.5,28
AlexNet2,0.11850404267333642,0.9479905440170432,2.4996005993969037,0.6132075471698113,29
AlexNet2,0.1500748735863548,0.9432624113475178,2.6076088356521896,0.5471698113207547,30
AlexNet2,0.219884125784427,0.9125295508274232,1.1282370922700413,0.7358490554791577,31
AlexNet2,0.20935152087087608,0.9078014185806257,1.5120456398658033,0.5660377358490566,32
AlexNet2,0.11025923663138217,0.9763593382023751,1.65958238547703,0.6320754705734972,33
AlexNet2,0.14481752150060156,0.9527186761229315,0.9004541028220698,0.7735849045357615,34
AlexNet2,0.10350722107011384,0.9479905437352246,1.3066574807436961,0.7358490554791577,35
AlexNet2,0.1216977357750992,0.9550827423167849,2.2847988290606804,0.5283018867924528,36
AlexNet2,0.0625100357559274,0.9810874704491725,2.380740129722739,0.5660377358490566,37
AlexNet2,0.05492342034812761,0.9810874704491725,2.3411740402005754,0.5471698113207547,38
AlexNet2,0.09481971548654439,0.9598108747044918,2.0269875796336048,0.679245281894252,39
AlexNet2,0.08002483398250654,0.9763593380614657,2.895679824757126,0.4622641515057042,40
AlexNet2,0.1100725743074155,0.9527186761229315,1.1530692284961916,0.7358490554791577,41
AlexNet2,0.0839010341705019,0.9692671394799054,1.9032351273410726,0.641509436211496,42
AlexNet2,0.08725924427064034,0.9598108749863103,2.297094754452975,0.5849056626265904,43
AlexNet2,0.13587365779022842,0.9361702127659575,1.640091043598247,0.6981132064225539,44
AlexNet2,0.07491409544333216,0.9763593380614657,1.3822672547034498,0.7547169800074596,45
AlexNet2,0.081016123153921,0.9645390072331079,1.7114369576832034,0.7547169822566914,46
AlexNet2,0.11238432937162987,0.9645390070921985,0.6586852529138889,0.7547169788828436,47
AlexNet2,0.08334201743857093,0.966903073286052,0.7375339927538386,0.7358490554791577,48
AlexNet2,0.04821807912266846,0.9858156028368794,1.4003282110646087,0.5943396248907413,49
AlexNet2,0.027560016206393007,0.9905437353654956,2.297883591561947,0.5283018873547608,50
AlexNet2,0.12702125676821732,0.9574468085106383,1.353984978963744,0.7547169800074596,51
AlexNet2,0.18729764576252753,0.9290780141843972,1.454254073916741,0.5754716981132075,52
AlexNet2,0.07646076053592331,0.9739952718676123,1.680667350877006,0.5094339628264589,53
AlexNet2,0.02844265032885486,0.9905437352245863,1.6759870412214748,0.5849056603773585,54
AlexNet2,0.024712991205552686,0.9952718676122931,3.8234542270876326,0.4339622647132514,55
AlexNet2,0.012714103005174768,0.9952718676122931,3.4315615959887236,0.5094339622641509,56
AlexNet2,0.04454915621551855,0.9905437352245863,1.6575176850804743,0.7547169822566914,57
AlexNet2,0.10072503873008362,0.9692671394799054,1.602428598223992,0.6792452830188679,58
AlexNet2,0.031322798002555295,0.9929078014184397,1.2309789252731036,0.7452830188679245,59
AlexNet2,0.0530343638842358,0.9810874704491725,1.2877468657943438,0.7641509456454583,60
AlexNet2,0.03897138915727043,0.9834515367839354,1.0369476012463839,0.7452830211171564,61
AlexNet2,0.06455873500282742,0.9905437352245863,1.0132974791076947,0.811320756966213,62
AlexNet2,0.06442619761535744,0.9739952720085217,1.4747820035466608,0.7169811309508558,63
AlexNet2,0.024192468564842893,0.9905437353654956,1.5528350911050472,0.7735849067849933,64
AlexNet2,0.08551182804395825,0.9645390070921985,2.44273715649011,0.49056603773584906,65
AlexNet2,0.055377963679373685,0.9787234042553191,1.2339746412241235,0.7358490554791577,66
AlexNet2,0.030438993024875367,0.9929078014184397,1.7863541549106814,0.5754717003624394,67
AlexNet2,0.015433662335980623,0.9952718676122931,1.4077019264113229,0.8018867935774461,68
AlexNet2,0.036719997803158794,0.9929078018411677,2.733108772421783,0.5849056626265904,69
AlexNet2,0.24928932814874266,0.9030732860520094,0.5949523583898004,0.8490566060228167,70
AlexNet2,0.16212726527072013,0.9479905437352246,1.1034682606751065,0.6415094339622641,71
AlexNet2,0.12350248751488138,0.9692671394799054,0.7360937123028737,0.7264150949019306,72
AlexNet2,0.04931731034735169,0.9787234042553191,1.3514161874663155,0.8113207535923652,73
AlexNet2,0.04036794821280396,0.9858156029777888,1.968237359568758,0.7641509422716105,74
AlexNet2,0.04916594451555903,0.9810874704491725,1.1839197491699796,0.7641509433962265,75
AlexNet2,0.08371893095015494,0.9716312056737588,1.423001154413763,0.8018867913282143,76
AlexNet2,0.035352387683247694,0.983451536643026,1.8235068501166578,0.7452830177433086,77
AlexNet2,0.01389551856725677,0.9929078014184397,1.8642010238935363,0.7169811309508558,78
AlexNet2,0.011400147857492346,0.9976359338061466,1.404641700240801,0.8113207535923652,79
AlexNet2,0.005567220324786913,1.0,1.7232864307907392,0.7641509456454583,80
AlexNet2,0.006155789153866171,0.9976359339470559,1.8870929771999143,0.7547169833813073,81
AlexNet2,0.07831967107296083,0.9810874704491725,2.355621742752363,0.6981132064225539,82
AlexNet2,0.09762854405170214,0.9763593380614657,1.3889396145658672,0.7452830177433086,83
AlexNet2,0.04498423829531059,0.9763593380614657,1.4472057774381817,0.7264150932150067,84
AlexNet2,0.014840528474631885,0.9976359338061466,2.1288119711965883,0.5566037735849056,85
AlexNet2,0.015990945168200606,0.9976359338061466,1.6108064921397083,0.7735849067849933,86
AlexNet2,0.006377608829478449,0.9976359338061466,1.6546504362574164,0.7547169800074596,87
AlexNet2,0.0033720475566478766,1.0,1.6819085984859827,0.7452830177433086,88
AlexNet2,0.0021960143814932324,1.0,1.9384669852706622,0.7358490554791577,89
AlexNet2,0.001050766260774881,1.0,1.9788094556556557,0.7547169800074596,90
AlexNet2,0.0014659786535246434,1.0,1.8623424431063094,0.7735849045357615,91
AlexNet2,0.0026343028910400844,1.0,1.3162464375765819,0.811320756966213,92
AlexNet2,0.0004859770054993083,1.0,1.3500787312129758,0.801886794702062,93
AlexNet2,0.0017837610983021325,1.0,1.3615906823356196,0.7924528324379111,94
AlexNet2,0.0010973026782595935,1.0,1.3678297636643895,0.801886794702062,95
AlexNet2,0.0005986654011413772,1.0,1.3848482527822819,0.811320756966213,96
AlexNet2,0.0004929217749911561,1.0,1.4035622308839042,0.801886794702062,97
AlexNet2,0.0009285324636264911,1.0,1.423925035404709,0.811320756966213,98
AlexNet2,0.0016407580507768376,1.0,1.4795403075668048,0.8301886781206671,99
AlexNet2,0.0009787314983469271,1.0,1.8222393494731974,0.7924528324379111,100
AlexNet2,0.0003255284906336906,1.0,1.8864777762934846,0.7924528324379111,101
AlexNet2,0.0002086278868978593,1.0,1.82288033557388,0.7924528324379111,102
AlexNet2,0.00033599861183469473,1.0,1.6158666070902123,0.7924528290640633,103
AlexNet2,0.0001219097617009091,1.0,1.5487426856778703,0.8113207535923652,104
AlexNet2,0.00014188733218284044,1.0,1.5256937584787045,0.8113207535923652,105
AlexNet2,0.00023906366657438862,1.0,1.5677306337176629,0.8113207535923652,106
AlexNet2,0.00013167314118317364,1.0,1.572523683871863,0.8207547158565162,107
AlexNet2,0.0009805599496665086,1.0,1.4412234684206404,0.811320756966213,108
AlexNet2,0.00016410717646807134,1.0,1.4151278846668747,0.811320756966213,109
AlexNet2,0.0001592705363354733,1.0,1.4201764160732053,0.811320756966213,110
AlexNet2,0.00022994600101974055,1.0,1.444424404288238,0.811320756966213,111
AlexNet2,0.0002650330415607626,1.0,1.4841495819811552,0.8207547158565162,112
AlexNet2,0.0002187973125868495,1.0,1.4963678234028366,0.8207547158565162,113
AlexNet2,0.0009366515946814495,1.0,1.5397727264548249,0.8113207535923652,114
AlexNet2,0.0010312341819500802,1.0,1.7210972893912837,0.7169811320754716,115
AlexNet2,0.00022227443217851819,1.0,1.802767443207075,0.7264150965888545,116
AlexNet2,0.0003660138907383282,1.0,1.8563121129881661,0.7358490588530054,117
AlexNet2,0.0002760706775178847,1.0,1.8392424628419697,0.7358490588530054,118
AlexNet2,0.0004026612516860841,1.0,1.7997612908201397,0.7264150943396226,119
AlexNet2,0.0003628640772652208,1.0,1.8136598029226627,0.7264150943396226,120
GoogleLeNet,0.7123403278264132,0.5340909090909091,5.861125555905429,0.6363636417822405,1
GoogleLeNet,0.7155655730854381,0.5681818181818182,5.861125555905429,0.6363636417822405,2
GoogleLeNet,0.5568434270945463,0.7727272727272727,5.861125555905429,0.6363636417822405,3
GoogleLeNet,0.42715746706182306,0.7954545454545454,5.861125555905429,0.6363636417822405,4
GoogleLeNet,0.4738033495166085,0.7840909090909091,5.861125555905429,0.6363636417822405,5
GoogleLeNet,0.6268877495418895,0.7613636363636364,8.082283366810191,0.36363636634566565,6
GoogleLeNet,0.36401972987435083,0.9090909090909091,5.861125555905429,0.6363636417822405,7
GoogleLeNet,0.25302067534490064,0.9204545454545454,5.861125555905429,0.6363636417822405,8
GoogleLeNet,0.40496150675145065,0.8522727272727273,5.861125555905429,0.6363636417822405,9
GoogleLeNet,0.29146835885264655,0.9204545454545454,5.861125555905429,0.6363636417822405,10
GoogleLeNet,0.08269947191531007,0.9545454545454546,5.861125555905429,0.6363636417822405,11
GoogleLeNet,0.12236630239269951,0.9318181818181818,5.861125555905429,0.6363636417822405,12
GoogleLeNet,0.0320995182052932,0.9886363636363636,5.861125555905429,0.6363636417822405,13
GoogleLeNet,0.0738834198564291,0.9545454545454546,5.861125555905429,0.6363636417822405,14
GoogleLeNet,0.08289582807232034,0.9772727272727273,5.625599947842685,0.6363636417822405,15
GoogleLeNet,0.13717889785766602,0.9545454545454546,4.277935136448253,0.6363636417822405,16
GoogleLeNet,0.06584138992581177,0.9659090909090909,5.861125555905429,0.6363636417822405,17
GoogleLeNet,0.07748423990878192,0.9659090909090909,5.861125555905429,0.6363636417822405,18
GoogleLeNet,0.09178588492795825,0.9772727272727273,5.861125555905429,0.6363636417822405,19
GoogleLeNet,0.5544916228814558,0.8863636363636364,5.861125555905429,0.6363636417822405,20
GoogleLeNet,0.32404536279765045,0.875,1.6306055350737139,0.7727272673086687,21
GoogleLeNet,0.21680078181353482,0.9090909090909091,2.2339773868972603,0.7272727272727273,22
GoogleLeNet,0.20660916580395264,0.8977272727272727,2.244809924201532,0.6818181763995778,23
GoogleLeNet,0.1973416619002819,0.9431818181818182,2.0100922774184835,0.6363636309450323,24
GoogleLeNet,0.07667810402133247,0.9659090909090909,2.101125327023593,0.7272727218541232,25
GoogleLeNet,0.1147457252849232,0.9545454545454546,2.422677468169819,0.7272727218541232,26
GoogleLeNet,0.013039846946908669,1.0,3.360027952627702,0.5909090854904868,27
GoogleLeNet,0.07652701711578463,0.9772727272727273,2.9644803567366167,0.6818181763995778,28
GoogleLeNet,0.03147502171817574,0.9886363636363636,2.0500010631301184,0.6818181872367859,29
GoogleLeNet,0.07053174192763188,0.9772727272727273,3.4572239138863305,0.4090909118002111,30
GoogleLeNet,0.12209902822294018,0.9545454545454546,5.26080356944691,0.36363636634566565,31
GoogleLeNet,0.17689320663074878,0.9318181818181818,2.5450143922458994,0.590909096327695,32
GoogleLeNet,0.03958343341946602,0.9886363636363636,2.7528183460235596,0.6818181872367859,33
GoogleLeNet,0.03073915974660353,0.9886363636363636,3.1844161423769863,0.6818181872367859,34
GoogleLeNet,0.0525957259603522,0.9772727272727273,3.053847768089988,0.6363636417822405,35
GoogleLeNet,0.015090756795623085,0.9886363636363636,3.5306955034082588,0.6363636417822405,36
GoogleLeNet,0.012693975829857995,1.0,3.0182099775834517,0.6363636417822405,37
GoogleLeNet,0.021349824859168042,1.0,2.3197438608516348,0.6818181872367859,38
GoogleLeNet,0.0219841328534213,1.0,2.0894359675320713,0.7272727326913313,39
GoogleLeNet,0.017429501844824037,0.9886363636363636,2.049401944333857,0.6818181818181818,40
GoogleLeNet,0.013388803170528263,0.9886363636363636,2.224470463666049,0.7727272673086687,41
GoogleLeNet,0.05118430879983035,0.9886363636363636,2.1140037124807183,0.6363636363636364,42
GoogleLeNet,0.017641934820196846,1.0,2.837059183554216,0.7272727218541232,43
GoogleLeNet,0.004197389559108574,1.0,3.703899470242587,0.5909090854904868,44
GoogleLeNet,0.023197479510021036,1.0,4.319601058959961,0.5454545508731495,45
GoogleLeNet,0.020229830919891934,1.0,4.509594938971779,0.5454545508731495,46
GoogleLeNet,0.006476387052151205,1.0,4.372125625610352,0.5454545508731495,47
GoogleLeNet,0.006021249454616654,1.0,3.978643937544389,0.6363636309450323,48
GoogleLeNet,0.00038594041226050734,1.0,3.204720302061601,0.6363636309450323,49
GoogleLeNet,0.016656652420021022,1.0,2.583773125301708,0.590909096327695,50
GoogleLeNet,0.0035305705790630204,1.0,2.4893078804016113,0.6818181872367859,51
GoogleLeNet,0.009921091238290748,1.0,2.7204979983243076,0.6818181872367859,52
GoogleLeNet,0.00801727603274313,1.0,2.9357537789778276,0.6363636417822405,53
GoogleLeNet,0.0023275180283235386,1.0,2.6019680933518843,0.6818181872367859,54
GoogleLeNet,0.00026307762722023074,1.0,2.449575651775707,0.7272727326913313,55
GoogleLeNet,0.0004836614501651969,1.0,2.3817005916075273,0.7272727326913313,56
GoogleLeNet,6.64903841838664e-05,1.0,2.3569373217496006,0.7272727326913313,57
GoogleLeNet,8.171875875136307e-05,1.0,2.3553636832670732,0.7272727326913313,58
GoogleLeNet,0.00014247426290901123,1.0,2.364443443038247,0.6818181872367859,59
GoogleLeNet,0.00048706675790361425,1.0,2.37454447963021,0.6818181872367859,60
GoogleLeNet,0.003934435521593762,1.0,2.33315017006614,0.7272727326913313,61
GoogleLeNet,0.0005303409080542307,1.0,2.2860229232094507,0.7727272781458768,62
GoogleLeNet,0.0005008020995195362,1.0,2.2685053890401665,0.7727272781458768,63
GoogleLeNet,0.006283285548141232,1.0,2.190251740542325,0.7727272781458768,64
GoogleLeNet,0.0004213575878318145,1.0,2.0681534788825293,0.7727272781458768,65
GoogleLeNet,0.0024588470987509936,1.0,2.0631631070917305,0.6363636417822405,66
GoogleLeNet,0.0013435186352911512,1.0,2.315675659613176,0.6363636417822405,67
GoogleLeNet,0.0035202701456000796,1.0,2.5397310690446333,0.6363636309450323,68
GoogleLeNet,0.0003751636370659319,1.0,2.679638288237832,0.6363636309450323,69
GoogleLeNet,0.0007854864945164246,1.0,2.7208668643778022,0.6363636309450323,70
GoogleLeNet,0.0010303591894956878,1.0,2.74564989046617,0.590909096327695,71
GoogleLeNet,0.0005285146650170315,1.0,2.773760102011941,0.590909096327695,72
GoogleLeNet,0.0004019519817368498,1.0,2.844512776895003,0.6363636309450323,73
GoogleLeNet,7.516430460699749e-05,1.0,2.8726002086292612,0.6363636309450323,74
GoogleLeNet,0.000311480131958061,1.0,2.8884591297669844,0.6363636309450323,75
GoogleLeNet,0.0012422614107146562,1.0,2.85654476555911,0.6363636309450323,76
GoogleLeNet,0.00044559329357567054,1.0,2.795198440551758,0.6363636309450323,77
GoogleLeNet,3.0811687793175224e-05,1.0,2.7552359212528574,0.6363636309450323,78
GoogleLeNet,0.0011472225446182579,1.0,2.7180017449639062,0.6363636309450323,79
GoogleLeNet,4.248173858782552e-05,1.0,2.693526788191362,0.590909096327695,80
GoogleLeNet,0.00013634183191739297,1.0,2.6709529161453247,0.590909096327695,81
GoogleLeNet,4.517312006348882e-05,1.0,2.6541226235303013,0.590909096327695,82
GoogleLeNet,0.0001520638086896559,1.0,2.643174734982577,0.590909096327695,83
GoogleLeNet,0.013710196007443963,0.9886363636363636,2.63238327069716,0.6363636309450323,84
GoogleLeNet,0.3163946154024664,0.9545454545454546,2.2027027390219946,0.6818181872367859,85
GoogleLeNet,0.011836651500330348,1.0,3.697180986404419,0.6818181872367859,86
GoogleLeNet,0.11974662984721363,0.9318181818181818,4.484699466011741,0.6363636417822405,87
GoogleLeNet,0.09231863641815091,0.9659090909090909,4.384694402868098,0.6363636417822405,88
GoogleLeNet,0.011268981052456762,1.0,3.9632262750105425,0.6363636417822405,89
GoogleLeNet,0.05920356778336678,0.9772727272727273,3.1556479063901035,0.5909090909090909,90
GoogleLeNet,0.008145617449455049,1.0,2.730963555249301,0.6363636363636364,91
GoogleLeNet,0.006500660119027915,1.0,2.622409538789229,0.6363636363636364,92
GoogleLeNet,0.0008207385676955296,1.0,2.651299985972318,0.5909090909090909,93
GoogleLeNet,0.009137818835866214,1.0,2.72387357191606,0.5454545454545454,94
GoogleLeNet,0.0007945627155343325,1.0,2.857697356830944,0.5909090909090909,95
GoogleLeNet,0.0002929811731023206,1.0,2.9762294509194116,0.6363636417822405,96
GoogleLeNet,0.0010057298627957193,1.0,3.048405744812705,0.6363636417822405,97
GoogleLeNet,0.0017819006567482245,1.0,3.1697967594320122,0.6363636417822405,98
GoogleLeNet,0.0033796436347818763,1.0,3.184495145624334,0.6363636417822405,99
GoogleLeNet,0.00034312380012124777,1.0,3.130511901595376,0.6818181763995778,100
GoogleLeNet,0.000662212952937063,1.0,3.1073945327238603,0.6818181763995778,101
GoogleLeNet,7.884328905757602e-05,1.0,3.1092556606639516,0.6363636309450323,102
GoogleLeNet,0.00032159906880803067,1.0,3.1364053921266035,0.6363636309450323,103
GoogleLeNet,0.0007272863843933341,1.0,3.1704122803427954,0.6363636309450323,104
GoogleLeNet,0.004716326793475839,1.0,3.7164065187627617,0.6363636309450323,105
GoogleLeNet,0.0007217231660351073,1.0,3.88098622452129,0.6363636309450323,106
GoogleLeNet,0.0019238951747617896,1.0,3.913888519460505,0.6363636309450323,107
GoogleLeNet,0.00023985846763190983,1.0,3.8831874890760942,0.6363636309450323,108
GoogleLeNet,0.029003760575009932,0.9886363636363636,3.2997190302068535,0.6363636309450323,109
GoogleLeNet,0.025428432955364275,0.9886363636363636,1.7400368018583818,0.6818181818181818,110
GoogleLeNet,0.03769123711655001,0.9772727272727273,2.3478282364931973,0.6363636363636364,111
GoogleLeNet,0.2732169838246508,0.9431818181818182,1.8605522134087302,0.6363636417822405,112
GoogleLeNet,0.019026816171720962,0.9886363636363636,2.677553816275163,0.6363636309450323,113
GoogleLeNet,0.011119289323687553,1.0,2.732157067819075,0.5909090854904868,114
GoogleLeNet,0.0566535591497086,0.9772727272727273,2.7757383693348276,0.5454545400359414,115
GoogleLeNet,0.02412720397643914,0.9886363636363636,2.7132297212427314,0.6363636309450323,116
GoogleLeNet,0.0029439688511378004,1.0,2.3830252452330156,0.6363636309450323,117
GoogleLeNet,0.004585477155739103,1.0,2.220369642431086,0.590909096327695,118
GoogleLeNet,0.022478480079867455,0.9886363636363636,2.0776780626990576,0.6363636363636364,119
GoogleLeNet,0.06071314662271603,0.9659090909090909,2.0589757399125532,0.6363636309450323,120
GoogleLeNet2,0.708952193564557,0.6501182035915113,9.731679970363402,0.39622641565664757,1
GoogleLeNet2,0.6211611269213629,0.7612293147026225,8.749421623517883,0.39622641565664757,2
GoogleLeNet2,0.6387209201817253,0.7163120568080433,1.9958842452966943,0.42452830188679247,3
GoogleLeNet2,0.4883713985729443,0.8085106387206004,0.9766335802258186,0.641509436211496,4
GoogleLeNet2,0.4211995500199338,0.8203309695489581,0.34861272404778676,0.8584905671623518,5
GoogleLeNet2,0.3845723454199784,0.8581560283687943,0.552915798043305,0.830188680369899,6
GoogleLeNet2,0.3109363879013287,0.8794326242543845,0.40277954992258325,0.8113207547169812,7
GoogleLeNet2,0.33575609587044863,0.8652482272321732,0.4462510572289521,0.7924528324379111,8
GoogleLeNet2,0.2931579166481681,0.8888888890297982,1.0575654821575813,0.6415094328376482,9
GoogleLeNet2,0.38827945901428834,0.8463356974699818,0.4579579312846346,0.7830188701737602,10
GoogleLeNet2,0.4446596173529929,0.8132387708264885,0.5629728132823728,0.7641509456454583,11
GoogleLeNet2,0.3571290666189036,0.8486997637342899,1.5025678895554453,0.650943398475647,12
GoogleLeNet2,0.3238030659391525,0.8723404258137335,0.48889357638808917,0.7830188701737602,13
GoogleLeNet2,0.22858556457982349,0.9078014184397163,0.626927800898282,0.7452830188679245,14
GoogleLeNet2,0.20081303041454748,0.9219858157437462,0.40424814426674033,0.8113207547169812,15
GoogleLeNet2,0.16370252176379482,0.9361702129068667,1.0525146430393435,0.7641509422716105,16
GoogleLeNet2,0.2074100758977252,0.9101654846335697,0.7931548267040612,0.6981132097964017,17
GoogleLeNet2,0.1871891789243999,0.9314420803782506,0.8210653449004551,0.820754718105748,18
GoogleLeNet2,0.18584587164751604,0.9219858156028369,0.7169407291232415,0.8490566048982009,19
GoogleLeNet2,0.13187584779874795,0.9385342791007202,0.422960619881468,0.8773584894414218,20
GoogleLeNet2,0.17828048303300606,0.933806146572104,0.5781747350152934,0.8584905682869677,21
GoogleLeNet2,0.17799545852709606,0.933806146572104,0.8959967910118822,0.7830188667999124,22
GoogleLeNet2,0.08558489115419962,0.9598108747044918,0.6267587115179818,0.8113207547169812,23
GoogleLeNet2,0.07697040939496623,0.9716312058146682,0.5250646202069409,0.8396226437586658,24
GoogleLeNet2,0.0936807873823964,0.966903073286052,3.1062007175301605,0.5471698135699866,25
GoogleLeNet2,0.09856190314531837,0.9692671394799054,0.6973132637311827,0.8773584894414218,26
GoogleLeNet2,0.05151427739237085,0.9787234042553191,1.5031012993938517,0.7641509422716105,27
GoogleLeNet2,0.0834775544338624,0.966903073286052,1.0457246573466175,0.7452830194302325,28
GoogleLeNet2,0.031156112926507953,0.9858156031186981,1.2449142213137645,0.7452830211171564,29
GoogleLeNet2,0.14477692935043335,0.9408983451536643,2.4392948105650127,0.5754717003624394,30
GoogleLeNet2,0.10314396266818893,0.9598108748454011,0.5559050260849718,0.839622641509434,31
GoogleLeNet2,0.0403645625514095,0.983451536643026,0.9801715275026718,0.7547169833813073,32
GoogleLeNet2,0.024456990700425365,0.9905437352245863,1.2014308965431069,0.7075471698113207,33
GoogleLeNet2,0.050361386770696265,0.983451536643026,1.2203858416035491,0.7452830211171564,34
GoogleLeNet2,0.006978714402548167,1.0,0.809519849858194,0.8490566060228167,35
GoogleLeNet2,0.022677585410835425,0.9929078014184397,0.5963099513659781,0.8679245283018868,36
GoogleLeNet2,0.01718406517765359,0.9905437352245863,0.6142083676356189,0.8301886792452831,37
GoogleLeNet2,0.046147473838981726,0.9881796690307328,0.9904811292324426,0.7830188679245284,38
GoogleLeNet2,0.03814080059880624,0.983451536643026,0.9029098254329754,0.8301886814945149,39
GoogleLeNet2,0.09469290764178931,0.9669030734269614,0.8176609974987102,0.8490566037735849,40
GoogleLeNet2,0.07215942811065663,0.966903073286052,0.6390929172904987,0.8490566037735849,41
GoogleLeNet2,0.0425330114954902,0.9858156028368794,0.9125753899790207,0.849056602648969,42
GoogleLeNet2,0.027865037727158683,0.9881796691716422,1.0086026956450265,0.839622640384818,43
GoogleLeNet2,0.04194017271368146,0.9858156028368794,0.7556688102348795,0.8773584916906537,44
GoogleLeNet2,0.06235991120360457,0.983451536643026,0.670167365164127,0.849056602648969,45
GoogleLeNet2,0.02108428298592585,0.9905437352245863,0.6651048466282071,0.8490566037735849,46
GoogleLeNet2,0.009212657427673953,0.9952718676122931,0.7323613321443774,0.8301886792452831,47
GoogleLeNet2,0.015471424235924902,0.9952718677532024,0.655993420279251,0.8490566037735849,48
GoogleLeNet2,0.043515908879714515,0.9787234042553191,0.9321267379904693,0.8113207547169812,49
GoogleLeNet2,0.01727473018823046,0.9952718677532024,0.9750980656102018,0.8301886781206671,50
GoogleLeNet2,0.019056469533880335,0.9905437352245863,0.8717264082142204,0.8584905660377359,51
GoogleLeNet2,0.01903397192238405,0.9905437353654956,1.6593916955983863,0.7547169833813073,52
GoogleLeNet2,0.07227290869882026,0.9716312058146682,0.8305936691895971,0.8301886781206671,53
GoogleLeNet2,0.07595869051798931,0.9763593380614657,1.1469125938865374,0.8773584916906537,54
GoogleLeNet2,0.026374616964013442,0.9929078014184397,1.587918924835493,0.7358490588530054,55
GoogleLeNet2,0.005834056433272629,1.0,1.33846670501637,0.8301886781206671,56
GoogleLeNet2,0.01708410176292065,0.9929078014184397,0.8067710287166092,0.8301886814945149,57
GoogleLeNet2,0.0051660709934590945,1.0,0.9677275539428558,0.8773584916906537,58
GoogleLeNet2,0.0019224217062992573,1.0,0.7529899316998023,0.8679245271772709,59
GoogleLeNet2,0.01050945577388434,0.9929078014184397,0.903114712182081,0.8396226437586658,60
GoogleLeNet2,0.014939472849462093,0.9929078014184397,0.9122157060312774,0.8301886792452831,61
GoogleLeNet2,0.012102080062807849,0.9976359338061466,0.7693395191487277,0.8773584894414218,62
GoogleLeNet2,0.0053599642346261935,0.9976359339470559,0.7521619481860466,0.8584905660377359,63
GoogleLeNet2,0.04114992561173266,0.9905437352245863,0.8491127794643618,0.8301886814945149,64
GoogleLeNet2,0.022696893664415987,0.9905437352245863,0.8926250237338947,0.8301886792452831,65
GoogleLeNet2,0.029724555145938115,0.9858156029777888,0.6802506673167337,0.8301886814945149,66
GoogleLeNet2,0.058652727801383565,0.9834515367839354,0.5739774596965257,0.8679245283018868,67
GoogleLeNet2,0.039749606657799676,0.983451536643026,1.1328807147044055,0.8207547158565162,68
GoogleLeNet2,0.018573697178071943,0.9952718676122931,0.8127775169768423,0.8301886781206671,69
GoogleLeNet2,0.00686612117476321,0.9952718676122931,0.9562599141642733,0.8584905649131199,70
GoogleLeNet2,0.001892083499940601,1.0,0.8483053951893212,0.849056602648969,71
GoogleLeNet2,0.001770259346314139,1.0,0.6872675387926821,0.8584905649131199,72
GoogleLeNet2,0.0011268522744243149,1.0,0.7020249591683442,0.8584905649131199,73
GoogleLeNet2,0.0012022109442703145,1.0,0.7146345984260991,0.849056602648969,74
GoogleLeNet2,0.0009629358581529301,1.0,0.708263833954368,0.8490566060228167,75
GoogleLeNet2,0.014494862362586102,0.9976359339470559,0.794028308172271,0.8490566060228167,76
GoogleLeNet2,0.07121454726136235,0.9739952718676123,1.0409466005721182,0.7735849056603774,77
GoogleLeNet2,0.03333507046237919,0.9810874704491725,0.6643353408237673,0.839622641509434,78
GoogleLeNet2,0.0286548481409242,0.9881796690307328,1.0213807753796846,0.7830188679245284,79
GoogleLeNet2,0.004303104665386876,1.0,0.8987764401255913,0.8490566060228167,80
GoogleLeNet2,0.01625842491470841,0.9976359338061466,0.8117696597891034,0.8301886814945149,81
GoogleLeNet2,0.0010905611496936115,1.0,0.9010464672772389,0.8490566060228167,82
GoogleLeNet2,0.009122349905845298,0.9952718676122931,0.8348049847584851,0.839622640384818,83
GoogleLeNet2,0.006651453506853762,0.9952718676122931,0.7860070523226036,0.839622642071742,84
GoogleLeNet2,0.019295178247691655,0.9929078014184397,1.2225943871264189,0.7547169833813073,85
GoogleLeNet2,0.009355637427071553,0.9976359338061466,0.6612671287554615,0.8490566037735849,86
GoogleLeNet2,0.002371572108056405,1.0,0.6758004055832917,0.8584905682869677,87
GoogleLeNet2,0.04152163285185499,0.9858156029777888,1.7410982779736788,0.6320754728227291,88
GoogleLeNet2,0.03703915876398044,0.9858156028368794,1.1604690371819262,0.811320756966213,89
GoogleLeNet2,0.014992938711313172,0.9952718676122931,0.9369044483832594,0.7735849056603774,90
GoogleLeNet2,0.004777674633649345,1.0,1.0881647748767205,0.7830188667999124,91
GoogleLeNet2,0.002954085924306661,1.0,0.8330811599515519,0.8396226437586658,92
GoogleLeNet2,0.0012663784755613209,1.0,0.8387569481471799,0.8490566060228167,93
GoogleLeNet2,0.004050416830623298,0.9976359338061466,0.7938691265178177,0.8773584928152696,94
GoogleLeNet2,0.01463064310672345,0.9976359339470559,0.7869901702089129,0.8301886814945149,95
GoogleLeNet2,0.06597319092760061,0.9739952718676123,0.686575915453569,0.8490566060228167,96
GoogleLeNet2,0.021641090978934633,0.9929078014184397,0.7002323978352096,0.8396226437586658,97
GoogleLeNet2,0.014801013489428855,0.9929078014184397,0.8138146355467023,0.839622641509434,98
GoogleLeNet2,0.013464491498773812,0.9976359338061466,0.7429685423958976,0.8490566060228167,99
GoogleLeNet2,0.0017410792989973375,1.0,0.8203701629953565,0.8773584894414218,100
GoogleLeNet2,0.002059093618987846,1.0,0.7389168486280261,0.8584905682869677,101
GoogleLeNet2,0.0022168726138506374,1.0,0.7469637824117012,0.8679245305511186,102
GoogleLeNet2,0.00046938494607161107,1.0,0.7585397418939842,0.8679245305511186,103
GoogleLeNet2,0.0014102795059753068,1.0,0.7675687026865078,0.8679245305511186,104
GoogleLeNet2,0.0004344470227901201,1.0,0.7642635826794606,0.8679245305511186,105
GoogleLeNet2,0.0003396379515425749,1.0,0.7662414677862851,0.8679245305511186,106
GoogleLeNet2,0.0034025593897593085,0.9976359338061466,0.7159016132354736,0.8584905682869677,107
GoogleLeNet2,0.00040046948282558353,1.0,0.7326561066339601,0.8867924517055727,108
GoogleLeNet2,0.0008237266739465442,1.0,0.7512256902343822,0.8773584928152696,109
GoogleLeNet2,0.00020375807941467426,1.0,0.7488822340965271,0.8679245305511186,110
GoogleLeNet2,0.00350712864277455,0.9976359338061466,0.8419759217298256,0.8584905649131199,111
GoogleLeNet2,0.0033409119958885567,0.9976359338061466,0.6950526006941525,0.8867924517055727,112
GoogleLeNet2,0.005611930855950445,0.9976359338061466,0.7532543528754756,0.8867924517055727,113
GoogleLeNet2,0.0023859556299902713,1.0,0.723418080300655,0.8962264139697237,114
GoogleLeNet2,0.00018421706447976251,1.0,0.7200776250013765,0.8773584905660378,115
GoogleLeNet2,0.0006674765622277412,1.0,0.7295873633252,0.8773584905660378,116
GoogleLeNet2,0.021834499318000335,0.9976359339470559,0.7643688191782754,0.8867924517055727,117
GoogleLeNet2,0.044274998027656554,0.983451536643026,0.9857529266825262,0.8679245305511186,118
GoogleLeNet2,0.009781468635386167,0.9952718676122931,0.829568271929363,0.8867924550794205,119
GoogleLeNet2,0.032455470516449876,0.9881796690307328,0.9123249346355222,0.8207547192303639,120
model_1,0.9308506656776775,0.4886363721029325,5.861125447533348,0.6363636390729384,1
model_1,1.0322610864585096,0.465909096327695,5.861125447533348,0.6363636390729384,2
model_1,1.0102947720072486,0.5227272822098299,10.256969755346125,0.3636363731189208,3
model_1,1.0118037103251978,0.6022727320140059,5.861125447533348,0.6363636390729384,4
model_1,1.1531876928427003,0.5909090956503694,10.256969755346125,0.3636363731189208,5
model_1,1.5559738474813374,0.5340909162028269,4.381104653531855,0.6363636390729384,6
model_1,1.369194394993511,0.6250000033866275,5.6758621822703965,0.3636363731189208,7
model_1,1.6141617383493048,0.7386363616043871,4.448788783767006,0.6363636390729384,8
model_1,1.5757088153199716,0.6590909033336423,9.518427632071756,0.3636363731189208,9
model_1,0.8675239694474096,0.7840909172188152,2.8258286931298,0.3181818263097243,10
model_1,0.32030418659137055,0.8863636336543343,2.674498503858393,0.3181818263097243,11
model_1,1.0547524229252965,0.681818178770217,2.8854011622342197,0.3181818263097243,12
model_1,2.242237044328993,0.5795454565774311,9.809955726970326,0.3181818263097243,13
model_1,0.8937380334715602,0.8522727204994722,8.05738657171076,0.3181818263097243,14
model_1,1.6538837238199036,0.7499999979680235,9.49159487811002,0.3181818263097243,15
model_1,0.9796921670643893,0.7727272727272727,5.605900396000255,0.3181818263097243,16
model_1,1.2331254204989157,0.6931818229230967,6.21299917047674,0.3181818263097243,17
model_1,0.6525339732760255,0.8522727218541232,2.2454846772280606,0.6363636363636364,18
model_1,0.575916942011893,0.8749999962747097,4.018814726309343,0.4090909185734662,19
model_1,0.9133792592699386,0.7499999976293608,2.64536328478293,0.6363636390729384,20
model_1,0.9063620289262221,0.8636363629590381,2.142955547029322,0.7272727326913313,21
model_1,0.15375384444564072,0.9431818141178652,2.5073294954543766,0.7272727326913313,22
model_1,0.7282784031543666,0.8749999962747097,3.0415615276856856,0.7727272673086687,23
model_1,0.4037369237802812,0.9431818168271672,4.101285215366674,0.6818181899460879,24
model_1,0.7430826547626052,0.8181818181818182,8.767046971754594,0.27272727950052783,25
model_1,0.6267901993783611,0.8409090895544399,4.411793275312944,0.5909090881997888,26
model_1,0.455685692190524,0.909090903672305,3.827172777869485,0.6363636363636364,27
model_1,0.2577565148268894,0.9318181750449267,3.524879293008284,0.5454545427452434,28
model_1,0.1920642679795244,0.9431818154725161,3.2011015198447486,0.6818181872367859,29
model_1,0.25630523901492613,0.9090909063816071,2.602994618090716,0.7272727218541232,30
model_1,0.1870061969671507,0.9545454491268505,2.24533594196493,0.6818181709809736,31
model_1,0.2018483828079163,0.9204545420679179,2.3273544040593235,0.6363636363636364,32
model_1,0.2061245019208813,0.909090902317654,2.79299504106695,0.6818181709809736,33
model_1,0.23192122306667268,0.9431818154725161,2.8784221586855976,0.6818181899460879,34
model_1,0.20034451008242823,0.9318181791088798,3.9140763499520044,0.6363636363636364,35
model_1,0.043911112562591885,0.9772727245634253,4.557837096127597,0.5454545508731495,36
model_1,0.5840461901754513,0.9090909063816071,3.183107630624859,0.7272727326913313,37
model_1,0.24601749992011304,0.9659090881997888,3.331941458311948,0.6818181872367859,38
model_1,0.33228205494162405,0.9545454531908035,2.918101451846517,0.6818181872367859,39
model_1,0.4468519540063095,0.8749999962747097,2.9016120846975935,0.6818181872367859,40
model_1,0.35550225219632287,0.9204545440998945,3.9404190561988135,0.6363636363636364,41
model_1,0.09348613204638796,0.9659090868451379,3.759607445109974,0.590909096327695,42
model_1,0.4837657769743993,0.9318181791088798,3.1089573339982466,0.6363636472008445,43
model_1,0.13357253480734374,0.9318181777542288,4.088934901318598,0.6363636444915425,44
model_1,0.12869759627390565,0.9772727245634253,3.5885673046366056,0.6818181872367859,45
model_1,0.04813825380508874,0.9772727259180762,2.8901205476034773,0.6818181872367859,46
model_1,0.3182465341286916,0.9090909118002112,3.2721689268946648,0.6818181872367859,47
model_1,0.33897400948832124,0.9204545400359414,3.7130003083835947,0.6818181709809736,48
model_1,0.3071790056732905,0.9318181777542288,3.7579022971066562,0.6363636363636364,49
model_1,0.17119347309266236,0.9659090868451379,3.2790874134410513,0.6363636363636364,50
model_1,0.10542097777828503,0.9772727286273782,3.3005619699304756,0.6818181736902758,51
model_1,0.27904227450086566,0.9545454545454546,3.3892752799120816,0.7272727164355192,52
model_1,0.40857744636206017,0.9090909104455601,2.5491736856373874,0.7272727326913313,53
model_1,0.17820508448314695,0.9659090881997888,2.5329359715635125,0.6818181872367859,54
model_1,0.019337660676512124,0.9886363622817126,2.2896219966086475,0.7272727326913313,55
model_1,0.3806116872129321,0.8977272717112844,3.6482216011394155,0.7272727164355192,56
model_1,0.19856847115476936,0.9545454572547566,2.5023620670491997,0.7272727326913313,57
model_1,0.34597730366981627,0.9431818154725161,3.128528345714916,0.6818181709809736,58
model_1,0.18485520699422348,0.9545454531908035,2.7463288632306186,0.6818181872367859,59
model_1,0.2733314968754815,0.9545454531908035,2.811646884137934,0.6818181709809736,60
model_1,0.2123504181201125,0.9204545454545454,3.0452320250597866,0.7272727164355192,61
model_1,0.11094394901608143,0.9659090909090909,2.3870406530120154,0.7272727218541232,62
model_1,0.004364185047089625,1.0,2.369187766855413,0.7272727218541232,63
model_1,0.02359260297028727,0.9886363622817126,2.2600734667344526,0.6818181872367859,64
model_1,0.031542849542791955,0.9772727245634253,2.51911414753307,0.7272727218541232,65
model_1,0.03848720912796078,0.9772727286273782,2.5625097534873267,0.7272727218541232,66
model_1,0.017912030024264294,0.9886363622817126,2.425155357881026,0.7272727218541232,67
model_1,0.0015836825749317995,1.0,2.525460969318043,0.7272727218541232,68
model_1,0.05931217728019853,0.9659090868451379,2.740151979706504,0.7272727218541232,69
model_1,0.021288934860013597,0.9886363636363636,2.776472037488764,0.7272727218541232,70
model_1,0.0002510153659391082,1.0,2.5092084353620354,0.7272727218541232,71
model_1,0.002668240119457786,1.0,2.469783300703222,0.7272727218541232,72
model_1,0.007845363910288873,1.0,2.2495969127524984,0.7272727218541232,73
model_1,0.00012606146269078522,1.0,2.2001399858431383,0.7272727218541232,74
model_1,0.0010898094415194041,1.0,2.182217364961451,0.7272727218541232,75
model_1,0.006059285409251784,1.0,2.2464913590387865,0.7272727218541232,76
model_1,0.06470235554762964,0.9772727245634253,2.2356043898246507,0.7727272727272727,77
model_1,0.02424726152673755,0.9886363622817126,2.167046747424386,0.7272727218541232,78
model_1,0.0034213778748153345,1.0,2.130937538363717,0.7272727218541232,79
model_1,0.1691852680978582,0.9659090909090909,2.1131170148199256,0.7272727218541232,80
model_1,0.06562579439967564,0.9772727286273782,2.040123321793296,0.7272727218541232,81
model_1,0.006167206225872493,1.0,1.9285869083621285,0.6818181872367859,82
model_1,0.008290066558743092,1.0,1.9589006846601313,0.6818181872367859,83
model_1,0.011572101731455963,0.9886363622817126,2.0626706968654287,0.7272727218541232,84
model_1,0.005068866620246385,1.0,2.037264796820554,0.7272727218541232,85
model_1,0.0010760277997441392,1.0,2.0523412390188738,0.7272727218541232,86
model_1,0.005797838899032373,1.0,2.1250333352522417,0.7272727218541232,87
model_1,0.008588230696764882,1.0,2.0573624074459076,0.7272727218541232,88
model_1,2.214534706594536e-05,1.0,1.9997156777165153,0.6818181872367859,89
model_1,0.03459384420685684,0.9772727286273782,2.072846396402879,0.7272727218541232,90
model_1,0.00029458790260635095,1.0,2.0197567641735077,0.7272727218541232,91
model_1,0.0001433100779887039,1.0,2.006858904253353,0.7272727218541232,92
model_1,0.10110573489921974,0.9545454545454546,2.2542944767258386,0.7272727218541232,93
model_1,0.051908977060246025,0.9886363622817126,2.021573171019554,0.7272727218541232,94
model_1,0.0022500055614888092,1.0,2.0080304823138495,0.7727272727272727,95
model_1,0.0006952240434950403,1.0,2.032304881648584,0.7727272727272727,96
model_1,0.011254489780539374,1.0,2.166697546839714,0.7272727218541232,97
model_1,0.00420314229523652,1.0,2.229705786163157,0.7272727218541232,98
model_1,0.015561253952235177,0.9886363622817126,2.2679824097590013,0.7272727218541232,99
model_1,0.019772726647206893,0.9886363622817126,2.4733310883695427,0.6818181709809736,100
model_1,0.00041863815545733536,1.0,2.454090795733712,0.6818181709809736,101
model_1,0.0042085815075623145,1.0,2.4753333817828787,0.7272727164355192,102
model_1,0.019644846281118268,0.9886363622817126,2.2865616245703264,0.7272727218541232,103
model_1,0.0029526363588268305,1.0,2.2133228182792664,0.7272727218541232,104
model_1,0.0016392993670486724,1.0,2.200497789816423,0.7272727218541232,105
model_1,0.00448997733884808,1.0,2.229416310787201,0.7272727218541232,106
model_1,0.0018828475501131627,1.0,2.3102082935246555,0.7272727218541232,107
model_1,0.38580430586348124,0.9431818188591437,2.5563266710801558,0.6818181709809736,108
model_1,0.009486339137340398,1.0,3.2864600636742334,0.7272727164355192,109
model_1,0.022552319418807733,0.9886363622817126,3.12255597114563,0.7272727164355192,110
model_1,0.00419133356738593,1.0,2.9623986807736484,0.6818181709809736,111
model_1,0.0008532157844915001,1.0,2.8351718187332153,0.6818181709809736,112
model_1,0.006934387040794057,1.0,2.6375175389376553,0.6818181709809736,113
model_1,0.02980745551469578,0.9886363636363636,2.562850686636838,0.6818181709809736,114
model_1,0.06307647607736105,0.9659090909090909,2.298251070759513,0.7272727218541232,115
model_1,0.0010978855933995067,1.0,2.14340338381854,0.7272727218541232,116
model_1,0.042126532813354475,0.9886363622817126,2.3745322064919905,0.6818181709809736,117
model_1,0.007825916463402067,1.0,2.391042183745991,0.6818181709809736,118
model_1,0.0015167221525516084,1.0,2.3109877001155508,0.6818181709809736,119
model_1,0.004222602645220583,1.0,2.3518832217563284,0.6818181709809736,120
ResNet50t,1.290549744105508,0.607565017668068,6.386415054213326,0.6037735894041242,1
ResNet50t,0.9688063908553293,0.6382978761449773,9.731680168295807,0.3962264215608813,2
ResNet50t,1.0871835450067164,0.6879432619886195,2.504858528105718,0.6509433962264151,3
ResNet50t,0.9846174865036358,0.7044917254160482,0.4072305994494906,0.8396226381355861,4
ResNet50t,0.5834089549033777,0.7635933775851067,0.4677871696932136,0.7169811376985514,5
ResNet50t,0.7968382788359696,0.7281323863682172,0.9204650570480328,0.6603773624267218,6
ResNet50t,0.4847095996035752,0.7943262390211119,0.6048736194113515,0.7830188645506805,7
ResNet50t,1.0327456443379006,0.744680847259278,0.6224287887683736,0.8207547147319002,8
ResNet50t,0.654570948642989,0.8179668995505529,0.7749473610014286,0.7924528234409836,9
ResNet50t,0.398178630987354,0.8534278924583544,0.595318921701104,0.8018867879543664,10
ResNet50t,0.3137814145244605,0.8747044877803072,0.6611445398192923,0.8301886781206671,11
ResNet50t,0.36167945858117534,0.8297872306607293,0.5630861814309545,0.8396226381355861,12
ResNet50t,0.4625430724662828,0.8581560260437905,1.6879389058306533,0.6886792458453268,13
ResNet50t,0.6247112012920008,0.8203309666603169,0.6728731098426681,0.7924528279394474,14
ResNet50t,0.4400512207983101,0.8652482244139867,0.7745010941816529,0.801886794702062,15
ResNet50t,0.4681164065445278,0.843971626978394,0.527677974821824,0.8018867896412903,16
ResNet50t,0.35301590495055923,0.8723404221500911,1.0226907857324716,0.8113207502185174,17
ResNet50t,0.3645798630759794,0.9007092168990601,0.7044882784896301,0.7641509411469946,18
ResNet50t,0.2579850012441463,0.9054373506958603,1.376860222462916,0.7547169777582277,19
ResNet50t,0.26669770510205076,0.9196217487044368,0.6902489756181274,0.8301886713729715,20
ResNet50t,0.21366488677305037,0.924349880387597,0.9367916191805084,0.7924528279394474,21
ResNet50t,0.16692577185545196,0.9385342779734456,0.9077556938644639,0.7924528245655995,22
ResNet50t,0.29702522937028425,0.9030732810497284,1.0074028970216804,0.8113207513431333,23
ResNet50t,0.36909828172632947,0.9054373477367644,0.8796839090459541,0.8207547147319002,24
ResNet50t,0.3691108895547057,0.8723404215159991,0.8834522652422201,0.7641509377731467,25
ResNet50t,0.25521466515783686,0.9219858122210131,1.2594477724775952,0.7641509445208423,26
ResNet50t,0.3274092624715646,0.9078014152692565,1.2732112837762062,0.7641509478946902,27
ResNet50t,0.2630630852448424,0.9243498774285012,0.7547092171526462,0.8301886747468192,28
ResNet50t,0.18624333262365417,0.9338061450221015,0.6588371760247029,0.8113207462823616,29
ResNet50t,0.183682257130392,0.9267139468632691,0.825663759179835,0.792452834687143,30
ResNet50t,0.12607232041732105,0.9432624105020617,0.985914660570484,0.8490565947766574,31
ResNet50t,0.10743854486088125,0.9527186726001983,0.8978573114606816,0.8207547147319002,32
ResNet50t,0.12067278531063777,0.9550827414008742,0.9150850435297163,0.7830188679245284,33
ResNet50t,0.1471094416521724,0.947990543030678,0.790616001213356,0.8584905615392721,34
ResNet50t,0.25084491814581633,0.9148936146962727,0.8265165572124973,0.8490565981505052,35
ResNet50t,0.12638396994279513,0.9550827411895103,1.1752967258106988,0.7924528313132951,36
ResNet50t,0.15294720352194288,0.9432624090225139,0.9522636858614618,0.7830188679245284,37
ResNet50t,0.027681786791417966,0.9905437340973117,0.7233286002861723,0.8396226347617384,38
ResNet50t,0.10815386586770553,0.950354609083622,0.9483388045963058,0.8301886747468192,39
ResNet50t,0.15800650020591614,0.9432624107134258,0.9915621042392164,0.8301886781206671,40
ResNet50t,0.11698171843593802,0.950354609717714,0.8120667046476331,0.8301886747468192,41
ResNet50t,0.07300588072548829,0.973995269613063,1.1181984758180268,0.7547169828189993,42
ResNet50t,0.06788530784138753,0.9645390070921985,0.9287281165356344,0.8207547147319002,43
ResNet50t,0.09848067491476022,0.973995271303975,0.8249472567179011,0.7830188679245284,44
ResNet50t,0.06524049540022256,0.971631203982847,0.9456977738629816,0.801886794702062,45
ResNet50t,0.03167615880725694,0.9905437340973117,0.7589719621717209,0.8207547147319002,46
ResNet50t,0.02670683619383176,0.9858156019914235,0.8269067788189102,0.8396226381355861,47
ResNet50t,0.03290314173245087,0.9858156019914235,0.8092316080078061,0.7830188645506805,48
ResNet50t,0.04250778278802622,0.9881796684670956,0.8518334209198519,0.7924528245655995,49
ResNet50t,0.015236047492225811,1.0,0.8183157889497519,0.8113207479692855,50
ResNet50t,0.06093772659135777,0.973995270881247,1.1782876336068477,0.8207547169811321,51
ResNet50t,0.02635061097891839,0.9834515363612073,0.8833973136102289,0.8301886747468192,52
ResNet50t,0.03449019079500353,0.9905437340973117,0.9573468552005339,0.8584905615392721,53
ResNet50t,0.05081929404743394,0.9810874690400794,1.010377784053145,0.7924528279394474,54
ResNet50t,0.04963168853462982,0.9810874698855353,0.9593160587477164,0.7830188679245284,55
ResNet50t,0.038399521847864854,0.9929078014184397,0.9696731371096695,0.8018867913282143,56
ResNet50t,0.03819046599689939,0.9905437340973117,0.9091685314456557,0.8207547147319002,57
ResNet50t,0.04381441638219877,0.9858156019914235,0.8222876332122568,0.8018867913282143,58
ResNet50t,0.06959214151693426,0.971631203982847,0.8942882361116749,0.7735849079096092,59
ResNet50t,0.05578836023210794,0.9834515363612073,0.8853772883215603,0.7735849079096092,60
ResNet50t,0.05014502022051395,0.9810874698855353,0.8422344016187983,0.7830188712983761,61
ResNet50t,0.015738591127814262,0.9929078005729838,0.8554231756573262,0.7641509445208423,62
ResNet50t,0.04575722721272296,0.9787234031984992,0.9270129139636168,0.8018867879543664,63
ResNet50t,0.052319288464038716,0.973995271303975,0.8494813203293268,0.7830188645506805,64
ResNet50t,0.03273939603487563,0.9905437357882236,0.8179327454901177,0.8113207547169812,65
ResNet50t,0.009393525505231134,1.0,0.9284505000829978,0.8301886781206671,66
ResNet50t,0.020506043565075988,0.9929078014184397,0.8371800556603186,0.8113207513431333,67
ResNet50t,0.05539782075890689,0.9763593382023751,0.8703195008950062,0.8207547147319002,68
ResNet50t,0.03594516469399958,0.9881796684670956,0.766063730656345,0.8207547147319002,69
ResNet50t,0.014059725154978917,1.0,0.8014596650499921,0.8301886781206671,70
ResNet50t,0.026174795393284937,0.9929078014184397,0.841870798349363,0.820754718105748,71
ResNet50t,0.03906129314285773,0.9810874696741713,0.8554885193072962,0.8207547113580523,72
ResNet50t,0.06113719126537396,0.9787234025644073,0.892517170873207,0.7735849045357615,73
ResNet50t,0.07996670227453412,0.9645390060353787,0.8531703156515745,0.8113207513431333,74
ResNet50t,0.025351223640498587,0.9905437349427676,0.7800412720315298,0.8207547113580523,75
ResNet50t,0.03321163501266013,0.9905437353654956,0.9079499407188159,0.8018867913282143,76
ResNet50t,0.013741338107041536,0.9976359335243279,0.9227497214187851,0.839622641509434,77
ResNet50t,0.025696090832404497,0.9905437340973117,0.8826850215148814,0.8301886781206671,78
ResNet50t,0.02459222936930225,0.9858156032596074,0.818819562522343,0.8207547113580523,79
ResNet50t,0.01976511222691191,0.9881796693125515,0.8125554125422155,0.8207547147319002,80
ResNet50t,0.016876654889519487,0.9952718670486559,0.8700597227577401,0.8396226381355861,81
ResNet50t,0.01980916704282376,0.9929078005729838,0.7943590162431751,0.8301886747468192,82
ResNet50t,0.043326051909602065,0.9858156034709714,0.8284236093596468,0.8207547147319002,83
ResNet50t,0.03845476222678945,0.9858156019914235,0.7554065614613652,0.8301886747468192,84
ResNet50t,0.011666579981078456,0.9976359335243279,0.7503911928572463,0.8207547147319002,85
ResNet50t,0.02355324070279023,0.9976359335243279,0.7563417666011824,0.8113207513431333,86
ResNet50t,0.011895743182437999,0.9976359335243279,0.7819329421035945,0.8301886747468192,87
ResNet50t,0.011125314989053324,0.9976359335243279,0.8597834031976197,0.8396226381355861,88
ResNet50t,0.012610383114522537,0.9976359335243279,0.9281303004871281,0.8301886781206671,89
ResNet50t,0.012094170600484183,0.9976359335243279,0.8886538742215566,0.8207547147319002,90
ResNet50t,0.018437367688181973,0.9976359335243279,0.8425976363678446,0.8113207513431333,91
ResNet50t,0.011150148198452474,0.9929078014184397,0.8094342978108885,0.8018867879543664,92
ResNet50t,0.009704544268009397,0.9976359335243279,0.8339526259498495,0.8018867879543664,93
ResNet50t,0.06744624027613692,0.9739952704585191,0.8346848687165821,0.8301886747468192,94
ResNet50t,0.012815915785296889,0.9976359335243279,0.9152370037967866,0.8207547147319002,95
ResNet50t,0.0032740790600216977,1.0,0.9022988718407193,0.8301886747468192,96
ResNet50t,0.01751349416254854,0.9952718670486559,0.9092871951848656,0.8301886713729715,97
ResNet50t,0.021540179809111167,0.9952718678941118,0.8301511962419236,0.8301886747468192,98
ResNet50t,0.00615613683276798,0.9976359335243279,0.8530624165893796,0.8301886713729715,99
ResNet50t,0.004937627014113148,1.0,0.840547828689077,0.8396226347617384,100
ResNet50t,0.00718818905463827,1.0,0.83748207712669,0.8301886713729715,101
ResNet50t,0.009909376900989158,0.9952718678941118,0.8826012588501468,0.8207547079842046,102
ResNet50t,0.0028278911155495785,1.0,0.8647943894326124,0.8207547079842046,103
ResNet50t,0.0066055449598534585,0.9976359335243279,0.945981922954813,0.8301886747468192,104
ResNet50t,0.009916475670855216,0.9952718670486559,0.9643016271468885,0.8396226381355861,105
ResNet50t,0.00498587725092901,1.0,0.9415643335592423,0.8301886747468192,106
ResNet50t,0.020613653549826718,0.9929078005729838,0.9207329422516642,0.8301886747468192,107
ResNet50t,0.009262143984366783,0.9976359335243279,0.944086378738987,0.8301886747468192,108
ResNet50t,0.007576576607060435,0.9976359335243279,0.9778585642892516,0.8396226381355861,109
ResNet50t,0.025286350999641587,0.9881796684670956,0.8861031210322354,0.8207547113580523,110
ResNet50t,0.02644867411932632,0.9881796688898236,0.8728333529774627,0.8207547113580523,111
ResNet50t,0.01393277786189709,0.9952718670486559,0.8632921379164986,0.8113207479692855,112
ResNet50t,0.005600005197283739,1.0,0.8558639892759153,0.8018867879543664,113
ResNet50t,0.010011000661087571,0.9976359339470559,0.8732540959553828,0.8113207479692855,114
ResNet50t,0.03321607499576384,0.9834515367839354,0.9069076512834795,0.8018867879543664,115
ResNet50t,0.02134959748261429,0.9905437353654956,0.8954920415120762,0.8018867879543664,116
ResNet50t,0.01713300043025869,0.9881796691011875,0.9078988543500737,0.8301886713729715,117
ResNet50t,0.010872576492189272,0.9976359335243279,0.9738325795668336,0.8301886747468192,118
ResNet50t,0.01626419680638422,0.9929078005729838,0.9956260962271184,0.8396226347617384,119
ResNet50t,0.02820695651411344,0.9881796676216396,0.8705351277790472,0.8207547113580523,120
